Respondent,Index,Zoom,wkt,geojson,Where woul,Why would,community,water quan,current wi,infrastruc,residentia,current hi,biodiversi,aquatic ha,forest hea,wildfire m,headwaters,restoratio,prescribed,responde_8
6pc8t2hwf2w4,0,10.64,"POLYGON ((-121.017579 38.956528, -121.017579 38.956528, -121.017579 38.957656, -121.017579 38.961314, -121.017579 38.962018, -121.017579 38.968341, -121.017579 38.969871, -121.008137 38.977567, -121.003327 38.980078, -120.996008 38.986415, -120.9925 38.9","{""type"":""Feature"",""geometry"":{""type"":""Polygon"",""coordinates"":[[[-121.017579,38.956528],[-121.017579,38.956528],[-121.017579,38.957656],[-121.017579,38.961314],[-121.017579,38.962018],[-121.017579,38.968341],[-121.017579,38.969871],[-121.008137,38.977567]","[[""38.956528,-121.017579"",""38.956528,-121.017579"",""38.957656,-121.017579"",""38.961314,-121.017579"",""38.962018,-121.017579"",""38.968341,-121.017579"",""38.969871,-121.017579"",""38.977567,-121.008137"",""38.980078,-121.003327"",""38.986415,-120.996008"",""38.989463,-",highways cut fire,,,,,,,,,,1,,,,non-profit
6pc8t2hwf2w4,1,11.97,"POLYGON ((-120.309307 39.32692, -120.300622 39.326769, -120.261734 39.327229, -120.232207 39.32809, -120.213437 39.324062, -120.202397 39.319622, -120.160499 39.31251, -120.160499 39.31251, -120.160499 39.31251, -120.161075 39.314525, -120.158861 39.3178","{""type"":""Feature"",""geometry"":{""type"":""Polygon"",""coordinates"":[[[-120.309307,39.32692],[-120.300622,39.326769],[-120.261734,39.327229],[-120.232207,39.32809],[-120.213437,39.324062],[-120.202397,39.319622],[-120.160499,39.31251],[-120.160499,39.31251],[-1","[[""39.32692,-120.309307"",""39.326769,-120.300622"",""39.327229,-120.261734"",""39.32809,-120.232207"",""39.324062,-120.213437"",""39.319622,-120.202397"",""39.31251,-120.160499"",""39.31251,-120.160499"",""39.31251,-120.160499"",""39.314525,-120.161075"",""39.317897,-120.1",highway cuts fire,,,,,,,,,,1,,,,non-profit
6pc8t2hwf2w4,2,10.14,"POLYGON ((-121.077648 38.929984, -121.077648 38.929984, -121.077648 38.942145, -121.077648 38.949126, -121.078648 38.958523, -121.078648 38.959952, -121.078648 38.968317, -121.078648 38.97332, -121.078648 38.975306, -121.078648 38.980663, -121.078648 38.","{""type"":""Feature"",""geometry"":{""type"":""Polygon"",""coordinates"":[[[-121.077648,38.929984],[-121.077648,38.929984],[-121.077648,38.942145],[-121.077648,38.949126],[-121.078648,38.958523],[-121.078648,38.959952],[-121.078648,38.968317],[-121.078648,38.97332],","[[""38.929984,-121.077648"",""38.929984,-121.077648"",""38.942145,-121.077648"",""38.949126,-121.077648"",""38.958523,-121.078648"",""38.959952,-121.078648"",""38.968317,-121.078648"",""38.97332,-121.078648"",""38.975306,-121.078648"",""38.980663,-121.078648"",""38.984463,-1",highway cuts fire,,,,,,,,,,1,,,,non-profit
6pc8t2hwf2w4,3,10.15,"POLYGON ((-120.956353 38.966479, -120.956353 38.966479, -120.926973 38.971513, -120.895459 38.980536, -120.877519 38.991527, -120.872962 39.015291, -120.865343 39.039685, -120.862108 39.055698, -120.862108 39.071707, -120.860864 39.091282, -120.855542 39","{""type"":""Feature"",""geometry"":{""type"":""Polygon"",""coordinates"":[[[-120.956353,38.966479],[-120.956353,38.966479],[-120.926973,38.971513],[-120.895459,38.980536],[-120.877519,38.991527],[-120.872962,39.015291],[-120.865343,39.039685],[-120.862108,39.055698]","[[""38.966479,-120.956353"",""38.966479,-120.956353"",""38.971513,-120.926973"",""38.980536,-120.895459"",""38.991527,-120.877519"",""39.015291,-120.872962"",""39.039685,-120.865343"",""39.055698,-120.862108"",""39.071707,-120.862108"",""39.091282,-120.860864"",""39.115013,-",ridges in this area,,,,,,,,,,1,,,,non-profit
6pc8t2hwf2w4,4,10.15,"POLYGON ((-120.035228 39.45875, -120.047797 39.464231, -120.095161 39.470479, -120.114248 39.46996, -120.144828 39.466201, -120.207588 39.460774, -120.248254 39.456769, -120.268973 39.451451, -120.292657 39.445365, -120.305614 39.441474, -120.320103 39.4","{""type"":""Feature"",""geometry"":{""type"":""Polygon"",""coordinates"":[[[-120.035228,39.45875],[-120.047797,39.464231],[-120.095161,39.470479],[-120.114248,39.46996],[-120.144828,39.466201],[-120.207588,39.460774],[-120.248254,39.456769],[-120.268973,39.451451],[","[[""39.45875,-120.035228"",""39.464231,-120.047797"",""39.470479,-120.095161"",""39.46996,-120.114248"",""39.466201,-120.144828"",""39.460774,-120.207588"",""39.456769,-120.248254"",""39.451451,-120.268973"",""39.445365,-120.292657"",""39.441474,-120.305614"",""39.436919,-12",ridges in this area,,,,,,,,,,1,,,,non-profit
7b6pls86n2a4,0,8.94,"POLYGON ((-120.482097 38.353108, -120.473531 38.388927, -120.473531 38.404592, -120.504941 38.444859, -120.522073 38.449331, -120.642002 38.453804, -120.741943 38.41578, -120.764786 38.391165, -120.801907 38.350869, -120.801907 38.350869, -120.801907 38.","{""type"":""Feature"",""geometry"":{""type"":""Polygon"",""coordinates"":[[[-120.482097,38.353108],[-120.473531,38.388927],[-120.473531,38.404592],[-120.504941,38.444859],[-120.522073,38.449331],[-120.642002,38.453804],[-120.741943,38.41578],[-120.764786,38.391165],","[[""38.353108,-120.482097"",""38.388927,-120.473531"",""38.404592,-120.473531"",""38.444859,-120.504941"",""38.449331,-120.522073"",""38.453804,-120.642002"",""38.41578,-120.741943"",""38.391165,-120.764786"",""38.350869,-120.801907"",""38.350869,-120.801907"",""38.348629,-1",Protection of communities is the top priority for forest management,1,,,,,,,,,,,,,local or regional agency
7b6pls86n2a4,1,8.94,"POLYGON ((-119.990961 38.444859, -119.990961 38.444859, -119.999527 38.449331, -120.048069 38.476162, -120.110889 38.496278, -120.173709 38.509685, -120.285071 38.496278, -120.285071 38.496278, -120.350747 38.458276, -120.350747 38.458276, -120.396434 38","{""type"":""Feature"",""geometry"":{""type"":""Polygon"",""coordinates"":[[[-119.990961,38.444859],[-119.990961,38.444859],[-119.999527,38.449331],[-120.048069,38.476162],[-120.110889,38.496278],[-120.173709,38.509685],[-120.285071,38.496278],[-120.285071,38.496278]","[[""38.444859,-119.990961"",""38.444859,-119.990961"",""38.449331,-119.999527"",""38.476162,-120.048069"",""38.496278,-120.110889"",""38.509685,-120.173709"",""38.496278,-120.285071"",""38.496278,-120.285071"",""38.458276,-120.350747"",""38.458276,-120.350747"",""38.400117,-",Ensuring forests are resilient to fire and drought so that they maintain their aesthetic and ecological values,,,,,,,1,,1,,,,,local or regional agency
6gkz8ewl6wfn,0,10.71,"POLYGON ((-121.134311 39.276829, -121.134311 39.276829, -121.13057 39.273933, -121.121217 39.269589, -121.104382 39.266692, -121.074453 39.265968, -121.060424 39.269589, -121.058553 39.270313, -121.058553 39.271037, -121.054812 39.273209, -121.052006 39.","{""type"":""Feature"",""geometry"":{""type"":""Polygon"",""coordinates"":[[[-121.134311,39.276829],[-121.134311,39.276829],[-121.13057,39.273933],[-121.121217,39.269589],[-121.104382,39.266692],[-121.074453,39.265968],[-121.060424,39.269589],[-121.058553,39.270313],","[[""39.276829,-121.134311"",""39.276829,-121.134311"",""39.273933,-121.13057"",""39.269589,-121.121217"",""39.266692,-121.104382"",""39.265968,-121.074453"",""39.269589,-121.060424"",""39.270313,-121.058553"",""39.271037,-121.058553"",""39.273209,-121.054812"",""39.275381,-1",Working with the Yuba Forest Network and the Placer Resource Conservation District for cross-property fuels management,,,,,,,,,,1,,,,tribal
6gkz8ewl6wfn,1,10.71,"POLYGON ((-120.555372 39.305059, -120.555372 39.305059, -120.567531 39.307954, -120.592783 39.308678, -120.630194 39.311572, -120.673217 39.31519, -120.692858 39.315914, -120.718111 39.316638, -120.743363 39.315914, -120.759263 39.314467, -120.785451 39.","{""type"":""Feature"",""geometry"":{""type"":""Polygon"",""coordinates"":[[[-120.555372,39.305059],[-120.555372,39.305059],[-120.567531,39.307954],[-120.592783,39.308678],[-120.630194,39.311572],[-120.673217,39.31519],[-120.692858,39.315914],[-120.718111,39.316638],","[[""39.305059,-120.555372"",""39.305059,-120.555372"",""39.307954,-120.567531"",""39.308678,-120.592783"",""39.311572,-120.630194"",""39.31519,-120.673217"",""39.315914,-120.692858"",""39.316638,-120.718111"",""39.315914,-120.743363"",""39.314467,-120.759263"",""39.310849,-1","Tahoe 7 Eldorado NF for restoration, site stabilization, native plant restoration & gathering",,,,,,,1,,,,,1,,tribal
6gkz8ewl6wfn,2,13.03,"POLYGON ((-120.683127 38.925744, -120.683127 38.925744, -120.683127 38.92589, -120.685744 38.925599, -120.687426 38.924436, -120.688547 38.923854, -120.689295 38.922836, -120.689482 38.920655, -120.689108 38.920073, -120.688734 38.919782, -120.688361 38.","{""type"":""Feature"",""geometry"":{""type"":""Polygon"",""coordinates"":[[[-120.683127,38.925744],[-120.683127,38.925744],[-120.683127,38.92589],[-120.685744,38.925599],[-120.687426,38.924436],[-120.688547,38.923854],[-120.689295,38.922836],[-120.689482,38.920655],","[[""38.925744,-120.683127"",""38.925744,-120.683127"",""38.92589,-120.683127"",""38.925599,-120.685744"",""38.924436,-120.687426"",""38.923854,-120.688547"",""38.922836,-120.689295"",""38.920655,-120.689482"",""38.920073,-120.689108"",""38.919782,-120.688734"",""38.919201,-1",Blodgett prescribed burn and site protection,,,,,,,,,,,,1,1,tribal
6gkz8ewl6wfn,3,13.87,"POLYGON ((-120.881024 38.771948, -120.881024 38.771948, -120.881442 38.772762, -120.882068 38.773332, -120.882904 38.773903, -120.883949 38.774636, -120.88489 38.775043, -120.886561 38.775287, -120.887606 38.77545, -120.888651 38.77545, -120.889382 38.77","{""type"":""Feature"",""geometry"":{""type"":""Polygon"",""coordinates"":[[[-120.881024,38.771948],[-120.881024,38.771948],[-120.881442,38.772762],[-120.882068,38.773332],[-120.882904,38.773903],[-120.883949,38.774636],[-120.88489,38.775043],[-120.886561,38.775287],","[[""38.771948,-120.881024"",""38.771948,-120.881024"",""38.772762,-120.881442"",""38.773332,-120.882068"",""38.773903,-120.882904"",""38.774636,-120.883949"",""38.775043,-120.88489"",""38.775287,-120.886561"",""38.77545,-120.887606"",""38.77545,-120.888651"",""38.775369,-120","Native plant garden, nursery, restoration",,,,,,,1,,,,,1,,tribal
9bc7p98bxc96,0,9.97,"POLYGON ((-120.482088 39.575219, -120.482088 39.575219, -120.482088 39.58822, -120.482088 39.606419, -120.486586 39.62288, -120.496708 39.638471, -120.513578 39.654059, -120.534946 39.667911, -120.543943 39.678299, -120.552941 39.686954, -120.566436 39.6","{""type"":""Feature"",""geometry"":{""type"":""Polygon"",""coordinates"":[[[-120.482088,39.575219],[-120.482088,39.575219],[-120.482088,39.58822],[-120.482088,39.606419],[-120.486586,39.62288],[-120.496708,39.638471],[-120.513578,39.654059],[-120.534946,39.667911],[","[[""39.575219,-120.482088"",""39.575219,-120.482088"",""39.58822,-120.482088"",""39.606419,-120.482088"",""39.62288,-120.486586"",""39.638471,-120.496708"",""39.654059,-120.513578"",""39.667911,-120.534946"",""39.678299,-120.543943"",""39.686954,-120.552941"",""39.692147,-12",headwater benefits,,1,,,,,,,,,1,,,non-profit
9bc7p98bxc96,1,9.97,"POLYGON ((-120.466343 39.425957, -120.466343 39.425957, -120.47534 39.429432, -120.478714 39.430301, -120.48996 39.438118, -120.502331 39.445067, -120.50683 39.446804, -120.509079 39.447672, -120.512453 39.447672, -120.519201 39.449409, -120.5237 39.4494","{""type"":""Feature"",""geometry"":{""type"":""Polygon"",""coordinates"":[[[-120.466343,39.425957],[-120.466343,39.425957],[-120.47534,39.429432],[-120.478714,39.430301],[-120.48996,39.438118],[-120.502331,39.445067],[-120.50683,39.446804],[-120.509079,39.447672],[-","[[""39.425957,-120.466343"",""39.425957,-120.466343"",""39.429432,-120.47534"",""39.430301,-120.478714"",""39.438118,-120.48996"",""39.445067,-120.502331"",""39.446804,-120.50683"",""39.447672,-120.509079"",""39.447672,-120.512453"",""39.449409,-120.519201"",""39.449409,-120",headwater benefits,,1,,,,,,,,,1,,,non-profit
9bc7p98bxc96,2,9.97,"POLYGON ((-120.254908 39.341639, -120.254908 39.341639, -120.266155 39.33816, -120.276277 39.333811, -120.283025 39.332941, -120.288648 39.332071, -120.295396 39.332071, -120.304393 39.332071, -120.312265 39.332071, -120.321263 39.332071, -120.328011 39.","{""type"":""Feature"",""geometry"":{""type"":""Polygon"",""coordinates"":[[[-120.254908,39.341639],[-120.254908,39.341639],[-120.266155,39.33816],[-120.276277,39.333811],[-120.283025,39.332941],[-120.288648,39.332071],[-120.295396,39.332071],[-120.304393,39.332071],","[[""39.341639,-120.254908"",""39.341639,-120.254908"",""39.33816,-120.266155"",""39.333811,-120.276277"",""39.332941,-120.283025"",""39.332071,-120.288648"",""39.332071,-120.295396"",""39.332071,-120.304393"",""39.332071,-120.312265"",""39.332071,-120.321263"",""39.332071,-1",headwater management,,1,,,,,,,,,1,,,non-profit
69v6a97bzi73,0,9.17,"POLYGON ((-120.011993 39.291681, -120.016867 39.302997, -120.021741 39.308654, -120.029052 39.318082, -120.033926 39.327508, -120.041238 39.336933, -120.046112 39.352011, -120.048549 39.359549, -120.050986 39.372738, -120.053423 39.391574, -120.053423 39","{""type"":""Feature"",""geometry"":{""type"":""Polygon"",""coordinates"":[[[-120.011993,39.291681],[-120.016867,39.302997],[-120.021741,39.308654],[-120.029052,39.318082],[-120.033926,39.327508],[-120.041238,39.336933],[-120.046112,39.352011],[-120.048549,39.359549]","[[""39.291681,-120.011993"",""39.302997,-120.016867"",""39.308654,-120.021741"",""39.318082,-120.029052"",""39.327508,-120.033926"",""39.336933,-120.041238"",""39.352011,-120.046112"",""39.359549,-120.048549"",""39.372738,-120.050986"",""39.391574,-120.053423"",""39.410406,-",,,,,,,,,,,,,,,state agency
4hz8i26dbd2z,0,9.15,"POLYGON ((-120.727278 38.69186, -120.727278 38.69186, -120.697485 38.699611, -120.622009 38.71821, -120.574341 38.729057, -120.574341 38.729057, -120.570368 38.729057, -120.56441 38.727508, -120.560437 38.725958, -120.556465 38.725958, -120.550506 38.725","{""type"":""Feature"",""geometry"":{""type"":""Polygon"",""coordinates"":[[[-120.727278,38.69186],[-120.727278,38.69186],[-120.697485,38.699611],[-120.622009,38.71821],[-120.574341,38.729057],[-120.574341,38.729057],[-120.570368,38.729057],[-120.56441,38.727508],[-1","[[""38.69186,-120.727278"",""38.69186,-120.727278"",""38.699611,-120.697485"",""38.71821,-120.622009"",""38.729057,-120.574341"",""38.729057,-120.574341"",""38.729057,-120.570368"",""38.727508,-120.56441"",""38.725958,-120.560437"",""38.725958,-120.556465"",""38.725958,-120.",Fires burn from west to east because of the predominant wind direction. Also less work has been done on the west slope as compared to the Tahoe region and the forest is naturally thicker there with more fuel to burn.,,,1,,,1,,,,,,,,non-profit
8w3spv4kmk49,0,8.86,"POLYGON ((-120.116762 39.28117, -120.142948 39.290524, -120.205389 39.299877, -120.221504 39.301436, -120.269846 39.301436, -120.287974 39.298318, -120.298045 39.293642, -120.304088 39.290524, -120.306102 39.285847, -120.320202 39.25622, -120.322216 39.2","{""type"":""Feature"",""geometry"":{""type"":""Polygon"",""coordinates"":[[[-120.116762,39.28117],[-120.142948,39.290524],[-120.205389,39.299877],[-120.221504,39.301436],[-120.269846,39.301436],[-120.287974,39.298318],[-120.298045,39.293642],[-120.304088,39.290524],","[[""39.28117,-120.116762"",""39.290524,-120.142948"",""39.299877,-120.205389"",""39.301436,-120.221504"",""39.301436,-120.269846"",""39.298318,-120.287974"",""39.293642,-120.298045"",""39.290524,-120.304088"",""39.285847,-120.306102"",""39.25622,-120.320202"",""39.2531,-120.",The new Lake tahoe plan is of concern about the boundaries of the remote areas.,,,1,,,,,,,,,,,non-profit
8w3spv4kmk49,1,8.86,"POLYGON ((-120.775423 39.716364, -120.775423 39.716364, -120.817722 39.707067, -120.876135 39.693119, -120.886207 39.691569, -120.900306 39.686919, -120.922463 39.677618, -120.950663 39.668316, -120.992962 39.648157, -121.035261 39.620235, -121.067489 39","{""type"":""Feature"",""geometry"":{""type"":""Polygon"",""coordinates"":[[[-120.775423,39.716364],[-120.775423,39.716364],[-120.817722,39.707067],[-120.876135,39.693119],[-120.886207,39.691569],[-120.900306,39.686919],[-120.922463,39.677618],[-120.950663,39.668316]","[[""39.716364,-120.775423"",""39.716364,-120.775423"",""39.707067,-120.817722"",""39.693119,-120.876135"",""39.691569,-120.886207"",""39.686919,-120.900306"",""39.677618,-120.922463"",""39.668316,-120.950663"",""39.648157,-120.992962"",""39.620235,-121.035261"",""39.601614,-",The North Yuba partnership is an area that we are working on with other groups. We are concerned that size of trees and old growth areas are protected properly when restoration work is done.,,,,,,,,,1,1,,,,non-profit
9xz9a2t938s8,0,9.23,"POLYGON ((-120.448387 39.497925, -120.46013 39.490676, -120.483615 39.485238, -120.49301 39.483426, -120.50945 39.483426, -120.518844 39.483426, -120.547027 39.483426, -120.577558 39.490676, -120.629227 39.50155, -120.659758 39.506986, -120.678547 39.512","{""type"":""Feature"",""geometry"":{""type"":""Polygon"",""coordinates"":[[[-120.448387,39.497925],[-120.46013,39.490676],[-120.483615,39.485238],[-120.49301,39.483426],[-120.50945,39.483426],[-120.518844,39.483426],[-120.547027,39.483426],[-120.577558,39.490676],[-","[[""39.497925,-120.448387"",""39.490676,-120.46013"",""39.485238,-120.483615"",""39.483426,-120.49301"",""39.483426,-120.50945"",""39.483426,-120.518844"",""39.483426,-120.547027"",""39.490676,-120.577558"",""39.50155,-120.629227"",""39.506986,-120.659758"",""39.512422,-120.",See benefits section,,,,,,,,,,,,,,non-profit
9xz9a2t938s8,1,9.23,"POLYGON ((-120.283987 39.185517, -120.300427 39.192798, -120.305124 39.194618, -120.309821 39.194618, -120.316867 39.194618, -120.321564 39.194618, -120.323913 39.194618, -120.32861 39.194618, -120.330958 39.192798, -120.333307 39.190978, -120.335656 39.","{""type"":""Feature"",""geometry"":{""type"":""Polygon"",""coordinates"":[[[-120.283987,39.185517],[-120.300427,39.192798],[-120.305124,39.194618],[-120.309821,39.194618],[-120.316867,39.194618],[-120.321564,39.194618],[-120.323913,39.194618],[-120.32861,39.194618],","[[""39.185517,-120.283987"",""39.192798,-120.300427"",""39.194618,-120.305124"",""39.194618,-120.309821"",""39.194618,-120.316867"",""39.194618,-120.321564"",""39.194618,-120.323913"",""39.194618,-120.32861"",""39.192798,-120.330958"",""39.190978,-120.333307"",""39.187337,-1",See benefits section,,,,,,,,,,,,,,non-profit
9xz9a2t938s8,2,11.71,"POLYGON ((-120.31505 39.462785, -120.31505 39.462785, -120.329353 39.457263, -120.334402 39.455315, -120.336084 39.454015, -120.337346 39.453041, -120.338188 39.451741, -120.338609 39.450117, -120.338609 39.448493, -120.338609 39.446868, -120.338609 39.4","{""type"":""Feature"",""geometry"":{""type"":""Polygon"",""coordinates"":[[[-120.31505,39.462785],[-120.31505,39.462785],[-120.329353,39.457263],[-120.334402,39.455315],[-120.336084,39.454015],[-120.337346,39.453041],[-120.338188,39.451741],[-120.338609,39.450117],[","[[""39.462785,-120.31505"",""39.462785,-120.31505"",""39.457263,-120.329353"",""39.455315,-120.334402"",""39.454015,-120.336084"",""39.453041,-120.337346"",""39.451741,-120.338188"",""39.450117,-120.338609"",""39.448493,-120.338609"",""39.446868,-120.338609"",""39.444919,-12",See benefits section,,,,,,,,,,,,,,non-profit
2fa8bmv93l24,0,9.63,"POLYGON ((-120.666764 39.065072, -120.666764 39.065072, -120.662511 39.065072, -120.638407 39.067274, -120.628482 39.068375, -120.595872 39.074979, -120.578858 39.07608, -120.559008 39.078281, -120.529233 39.078281, -120.516472 39.078281, -120.492369 39.","{""type"":""Feature"",""geometry"":{""type"":""Polygon"",""coordinates"":[[[-120.666764,39.065072],[-120.666764,39.065072],[-120.662511,39.065072],[-120.638407,39.067274],[-120.628482,39.068375],[-120.595872,39.074979],[-120.578858,39.07608],[-120.559008,39.078281],","[[""39.065072,-120.666764"",""39.065072,-120.666764"",""39.065072,-120.662511"",""39.067274,-120.638407"",""39.068375,-120.628482"",""39.074979,-120.595872"",""39.07608,-120.578858"",""39.078281,-120.559008"",""39.078281,-120.529233"",""39.078281,-120.516472"",""39.077181,-1","Pre-catastrophic and post-severe fire damage, this area has a lot of WUI and a lot of mixed impacts that would / could be improved to resilience and have recreational/social, and water benefits..?",,1,,1,1,,,,,,,,,other
49afv6cr8zm9,0,9.27,"POLYGON ((-121.19535 39.422326, -121.19535 39.422326, -121.19308 39.441612, -121.19081 39.45213, -121.18854 39.459141, -121.18854 39.462647, -121.18627 39.469656, -121.184 39.474913, -121.17946 39.48017, -121.17265 39.485426, -121.17038 39.48893, -121.16","{""type"":""Feature"",""geometry"":{""type"":""Polygon"",""coordinates"":[[[-121.19535,39.422326],[-121.19535,39.422326],[-121.19308,39.441612],[-121.19081,39.45213],[-121.18854,39.459141],[-121.18854,39.462647],[-121.18627,39.469656],[-121.184,39.474913],[-121.1794","[[""39.422326,-121.19535"",""39.422326,-121.19535"",""39.441612,-121.19308"",""39.45213,-121.19081"",""39.459141,-121.18854"",""39.462647,-121.18854"",""39.469656,-121.18627"",""39.474913,-121.184"",""39.48017,-121.17946"",""39.485426,-121.17265"",""39.48893,-121.17038"",""39.",first for water supply protections,,1,,,,,,,,,,,,local or regional agency
49afv6cr8zm9,1,9.27,"POLYGON ((-121.18854 39.459141, -121.18854 39.459141, -121.184 39.460894, -121.17946 39.464399, -121.17265 39.473161, -121.16811 39.478418, -121.16584 39.481922, -121.161299 39.487178, -121.156759 39.492434, -121.152219 39.495937, -121.145409 39.501192,","{""type"":""Feature"",""geometry"":{""type"":""Polygon"",""coordinates"":[[[-121.18854,39.459141],[-121.18854,39.459141],[-121.184,39.460894],[-121.17946,39.464399],[-121.17265,39.473161],[-121.16811,39.478418],[-121.16584,39.481922],[-121.161299,39.487178],[-121.15","[[""39.459141,-121.18854"",""39.459141,-121.18854"",""39.460894,-121.184"",""39.464399,-121.17946"",""39.473161,-121.17265"",""39.478418,-121.16811"",""39.481922,-121.16584"",""39.487178,-121.161299"",""39.492434,-121.156759"",""39.495937,-121.152219"",""39.501192,-121.14540",second for water supply protection,,1,,,,,,,,,,,,local or regional agency
49afv6cr8zm9,2,9.27,"POLYGON ((-120.972885 39.655162, -120.972885 39.655162, -120.959264 39.662153, -120.950184 39.667395, -120.934294 39.67089, -120.893433 39.677879, -120.857112 39.68312, -120.79355 39.693601, -120.750419 39.698841, -120.725449 39.702335, -120.698208 39.70","{""type"":""Feature"",""geometry"":{""type"":""Polygon"",""coordinates"":[[[-120.972885,39.655162],[-120.972885,39.655162],[-120.959264,39.662153],[-120.950184,39.667395],[-120.934294,39.67089],[-120.893433,39.677879],[-120.857112,39.68312],[-120.79355,39.693601],[-","[[""39.655162,-120.972885"",""39.655162,-120.972885"",""39.662153,-120.959264"",""39.667395,-120.950184"",""39.67089,-120.934294"",""39.677879,-120.893433"",""39.68312,-120.857112"",""39.693601,-120.79355"",""39.698841,-120.750419"",""39.702335,-120.725449"",""39.702335,-120",3rd,,1,,,,,,,,,,,,local or regional agency
827ipr74zt89,0,9.27,"POLYGON ((-120.40537 39.494186, -120.430341 39.495937, -120.441691 39.495937, -120.443961 39.497689, -120.448502 39.497689, -120.468932 39.499441, -120.496173 39.499441, -120.546114 39.499441, -120.573355 39.499441, -120.630106 39.499441, -120.645997 39.","{""type"":""Feature"",""geometry"":{""type"":""Polygon"",""coordinates"":[[[-120.40537,39.494186],[-120.430341,39.495937],[-120.441691,39.495937],[-120.443961,39.497689],[-120.448502,39.497689],[-120.468932,39.499441],[-120.496173,39.499441],[-120.546114,39.499441],","[[""39.494186,-120.40537"",""39.495937,-120.430341"",""39.495937,-120.441691"",""39.497689,-120.443961"",""39.497689,-120.448502"",""39.499441,-120.468932"",""39.499441,-120.496173"",""39.499441,-120.546114"",""39.499441,-120.573355"",""39.499441,-120.630106"",""39.499441,-1",Needs to have veg management in a way to protect the public.,1,,,,,,,,,,,,,local or regional agency
8ji699pru393,0,9.59,"POLYGON ((-120.058626 39.51727, -120.058626 39.51727, -120.059434 39.526802, -120.063573 39.52853, -120.075485 39.532842, -120.093133 39.538569, -120.098808 39.540132, -120.106278 39.541383, -120.136367 39.539813, -120.181119 39.538203, -120.189721 39.53","{""type"":""Feature"",""geometry"":{""type"":""Polygon"",""coordinates"":[[[-120.058626,39.51727],[-120.058626,39.51727],[-120.059434,39.526802],[-120.063573,39.52853],[-120.075485,39.532842],[-120.093133,39.538569],[-120.098808,39.540132],[-120.106278,39.541383],[-","[[""39.51727,-120.058626"",""39.51727,-120.058626"",""39.526802,-120.059434"",""39.52853,-120.063573"",""39.532842,-120.075485"",""39.538569,-120.093133"",""39.540132,-120.098808"",""39.541383,-120.106278"",""39.539813,-120.136367"",""39.538203,-120.181119"",""39.536538,-120",High risl of fire and has not had large fire in a long time,,,1,,,,,,,,,,,local or regional agency
48hwg9224x44,0,10.85,"POLYGON ((-119.878837 38.905475, -119.878837 38.905475, -119.878837 38.900148, -119.878837 38.896005, -119.878837 38.893637, -119.878837 38.891269, -119.878837 38.888309, -119.878837 38.884165, -119.878837 38.878837, -119.878837 38.872324, -119.878837 38","{""type"":""Feature"",""geometry"":{""type"":""Polygon"",""coordinates"":[[[-119.878837,38.905475],[-119.878837,38.905475],[-119.878837,38.900148],[-119.878837,38.896005],[-119.878837,38.893637],[-119.878837,38.891269],[-119.878837,38.888309],[-119.878837,38.884165]","[[""38.905475,-119.878837"",""38.905475,-119.878837"",""38.900148,-119.878837"",""38.896005,-119.878837"",""38.893637,-119.878837"",""38.891269,-119.878837"",""38.888309,-119.878837"",""38.884165,-119.878837"",""38.878837,-119.878837"",""38.872324,-119.878837"",""38.867587,-",Thats where the forest is.,,,,,,,,,1,,,,,non-profit
3tre476j6wg3,0,10.74,"POLYGON ((-121.015108 39.536301, -121.015108 39.536301, -121.048159 39.530241, -121.076661 39.523336, -121.084773 39.521932, -121.089998 39.520032, -121.112212 39.508855, -121.121485 39.503456, -121.132935 39.499453, -121.139517 39.497773, -121.151681 39","{""type"":""Feature"",""geometry"":{""type"":""Polygon"",""coordinates"":[[[-121.015108,39.536301],[-121.015108,39.536301],[-121.048159,39.530241],[-121.076661,39.523336],[-121.084773,39.521932],[-121.089998,39.520032],[-121.112212,39.508855],[-121.121485,39.503456]","[[""39.536301,-121.015108"",""39.536301,-121.015108"",""39.530241,-121.048159"",""39.523336,-121.076661"",""39.521932,-121.084773"",""39.520032,-121.089998"",""39.508855,-121.112212"",""39.503456,-121.121485"",""39.499453,-121.132935"",""39.497773,-121.139517"",""39.494058,-",higest risk to community and resevoir,1,,,1,,,,,,,,,,non-profit
9ws8i6xjv4pa,0,9,"POLYGON ((-120.06422 38.852197, -120.06422 38.852197, -120.06422 38.856464, -120.061481 38.86073, -120.058741 38.86073, -120.045044 38.862863, -120.045044 38.862863, -120.039566 38.867129, -120.039566 38.867129, -120.036826 38.869262, -120.031347 38.8692","{""type"":""Feature"",""geometry"":{""type"":""Polygon"",""coordinates"":[[[-120.06422,38.852197],[-120.06422,38.852197],[-120.06422,38.856464],[-120.061481,38.86073],[-120.058741,38.86073],[-120.045044,38.862863],[-120.045044,38.862863],[-120.039566,38.867129],[-12","[[""38.852197,-120.06422"",""38.852197,-120.06422"",""38.856464,-120.06422"",""38.86073,-120.061481"",""38.86073,-120.058741"",""38.862863,-120.045044"",""38.862863,-120.045044"",""38.867129,-120.039566"",""38.867129,-120.039566"",""38.869262,-120.036826"",""38.869262,-120.0","Caldor Fire restoration will reduce total sediment loading to Lake Tahoe thereby benefiting DW suppliers, and should minimize fine sediment loads thereby supporting TMDL implementation.",,1,,,,,,,,,,,,federal
9ws8i6xjv4pa,1,9,"POLYGON ((-120.069699 38.862863, -120.069699 38.862863, -120.075178 38.862863, -120.077917 38.862863, -120.094354 38.864996, -120.10805 38.869262, -120.113529 38.871395, -120.113529 38.871395, -120.124487 38.873528, -120.127226 38.87566, -120.132705 38.8","{""type"":""Feature"",""geometry"":{""type"":""Polygon"",""coordinates"":[[[-120.069699,38.862863],[-120.069699,38.862863],[-120.075178,38.862863],[-120.077917,38.862863],[-120.094354,38.864996],[-120.10805,38.869262],[-120.113529,38.871395],[-120.113529,38.871395],","[[""38.862863,-120.069699"",""38.862863,-120.069699"",""38.862863,-120.075178"",""38.862863,-120.077917"",""38.864996,-120.094354"",""38.869262,-120.10805"",""38.871395,-120.113529"",""38.871395,-120.113529"",""38.873528,-120.124487"",""38.87566,-120.127226"",""38.879926,-12",,,,,,,,,,,,,,,federal
2iw9kcf9dlc8,0,9.91,"POLYGON ((-120.86164 39.766569, -120.86164 39.766569, -120.86164 39.768814, -120.864561 39.773304, -120.871863 39.775549, -120.877705 39.775549, -120.886467 39.775549, -120.89523 39.771059, -120.902532 39.764324, -120.911295 39.756465, -120.921518 39.749","{""type"":""Feature"",""geometry"":{""type"":""Polygon"",""coordinates"":[[[-120.86164,39.766569],[-120.86164,39.766569],[-120.86164,39.768814],[-120.864561,39.773304],[-120.871863,39.775549],[-120.877705,39.775549],[-120.886467,39.775549],[-120.89523,39.771059],[-1","[[""39.766569,-120.86164"",""39.766569,-120.86164"",""39.768814,-120.86164"",""39.773304,-120.864561"",""39.775549,-120.871863"",""39.775549,-120.877705"",""39.775549,-120.886467"",""39.771059,-120.89523"",""39.764324,-120.902532"",""39.756465,-120.911295"",""39.749728,-120.","This is an output from the UCSB prioritization of fuel treatments to benefit rivers. Benefits for rivers - water quality, water supply, biodiversity, aquatic habitat",,1,,,,,1,1,,,,,,non-profit
2iw9kcf9dlc8,1,10.86,"POLYGON ((-121.046566 39.489902, -121.046566 39.489902, -121.04203 39.506818, -121.03825 39.523731, -121.032202 39.536559, -121.016327 39.549967, -120.99138 39.560458, -120.962653 39.574445, -120.942242 39.583767, -120.918051 39.591341, -120.891592 39.59","{""type"":""Feature"",""geometry"":{""type"":""Polygon"",""coordinates"":[[[-121.046566,39.489902],[-121.046566,39.489902],[-121.04203,39.506818],[-121.03825,39.523731],[-121.032202,39.536559],[-121.016327,39.549967],[-120.99138,39.560458],[-120.962653,39.574445],[-","[[""39.489902,-121.046566"",""39.489902,-121.046566"",""39.506818,-121.04203"",""39.523731,-121.03825"",""39.536559,-121.032202"",""39.549967,-121.016327"",""39.560458,-120.99138"",""39.574445,-120.962653"",""39.583767,-120.942242"",""39.591341,-120.918051"",""39.593671,-120","Output from UCSB prioritization to benefit rivers. Water supply, water quality, biodiversity/aquatic habitat",,1,,,,,1,1,,,,,,non-profit
2iw9kcf9dlc8,2,11.8,"POLYGON ((-120.892211 39.183303, -120.891026 39.190956, -120.888656 39.19463, -120.880361 39.204119, -120.873251 39.211158, -120.864957 39.217891, -120.857452 39.223705, -120.850737 39.228295, -120.845207 39.232578, -120.843232 39.233496, -120.838887 39.","{""type"":""Feature"",""geometry"":{""type"":""Polygon"",""coordinates"":[[[-120.892211,39.183303],[-120.891026,39.190956],[-120.888656,39.19463],[-120.880361,39.204119],[-120.873251,39.211158],[-120.864957,39.217891],[-120.857452,39.223705],[-120.850737,39.228295],","[[""39.183303,-120.892211"",""39.190956,-120.891026"",""39.19463,-120.888656"",""39.204119,-120.880361"",""39.211158,-120.873251"",""39.217891,-120.864957"",""39.223705,-120.857452"",""39.228295,-120.850737"",""39.232578,-120.845207"",""39.233496,-120.843232"",""39.23625,-12","Output from UCSB prioritization to benefit rivers. Water supply, water quality, biodiversity",,1,,,,,1,1,,,,,,non-profit
8ghg4vom3tc7,0,11.99,"POLYGON ((-120.900109 39.29384, -120.900109 39.29384, -120.900109 39.293303, -120.900109 39.289548, -120.902882 39.285524, -120.904615 39.284451, -120.910508 39.283646, -120.91432 39.283109, -120.920213 39.281768, -120.922986 39.280695, -120.931651 39.28","{""type"":""Feature"",""geometry"":{""type"":""Polygon"",""coordinates"":[[[-120.900109,39.29384],[-120.900109,39.29384],[-120.900109,39.293303],[-120.900109,39.289548],[-120.902882,39.285524],[-120.904615,39.284451],[-120.910508,39.283646],[-120.91432,39.283109],[-","[[""39.29384,-120.900109"",""39.29384,-120.900109"",""39.293303,-120.900109"",""39.289548,-120.900109"",""39.285524,-120.902882"",""39.284451,-120.904615"",""39.283646,-120.910508"",""39.283109,-120.91432"",""39.281768,-120.920213"",""39.280695,-120.922986"",""39.280158,-120",,,,,,,,,,,,,,,federal
8ghg4vom3tc7,1,11.23,"POLYGON ((-121.157608 39.509222, -121.161129 39.506505, -121.181674 39.501976, -121.208675 39.489293, -121.222762 39.474796, -121.230393 39.459389, -121.235676 39.444432, -121.222762 39.423124, -121.198109 39.406799, -121.178152 39.395006, -121.170521 39","{""type"":""Feature"",""geometry"":{""type"":""Polygon"",""coordinates"":[[[-121.157608,39.509222],[-121.161129,39.506505],[-121.181674,39.501976],[-121.208675,39.489293],[-121.222762,39.474796],[-121.230393,39.459389],[-121.235676,39.444432],[-121.222762,39.423124]","[[""39.509222,-121.157608"",""39.506505,-121.161129"",""39.501976,-121.181674"",""39.489293,-121.208675"",""39.474796,-121.222762"",""39.459389,-121.230393"",""39.444432,-121.235676"",""39.423124,-121.222762"",""39.406799,-121.198109"",""39.395006,-121.178152"",""39.388655,-",,,,,,,,,,,,,,,federal
2rz8ets79ao6,0,10.88,"POLYGON ((-119.793414 38.562249, -119.793414 38.562249, -119.79517 38.562249, -119.79956 38.562249, -119.801755 38.562249, -119.803511 38.562249, -119.807462 38.562249, -119.811413 38.562249, -119.816681 38.562592, -119.822827 38.563279, -119.83029 38.56","{""type"":""Feature"",""geometry"":{""type"":""Polygon"",""coordinates"":[[[-119.793414,38.562249],[-119.793414,38.562249],[-119.79517,38.562249],[-119.79956,38.562249],[-119.801755,38.562249],[-119.803511,38.562249],[-119.807462,38.562249],[-119.811413,38.562249],[","[[""38.562249,-119.793414"",""38.562249,-119.793414"",""38.562249,-119.79517"",""38.562249,-119.79956"",""38.562249,-119.801755"",""38.562249,-119.803511"",""38.562249,-119.807462"",""38.562249,-119.811413"",""38.562592,-119.816681"",""38.563279,-119.822827"",""38.563279,-11",we prioritize areas our trail is signed in. The Forest Service manages these lands for timber and recreation.,,,,,,,,,,,,,,non-profit
9kg8uaz779t6,0,12.04,"POLYGON ((-121.267984 39.450809, -121.271621 39.443861, -121.273536 39.433067, -121.273536 39.422863, -121.272387 39.413398, -121.272387 39.403635, -121.272387 39.39609, -121.272387 39.386621, -121.272387 39.378926, -121.272387 39.37049, -121.272004 39.3","{""type"":""Feature"",""geometry"":{""type"":""Polygon"",""coordinates"":[[[-121.267984,39.450809],[-121.271621,39.443861],[-121.273536,39.433067],[-121.273536,39.422863],[-121.272387,39.413398],[-121.272387,39.403635],[-121.272387,39.39609],[-121.272387,39.386621],","[[""39.450809,-121.267984"",""39.443861,-121.271621"",""39.433067,-121.273536"",""39.422863,-121.273536"",""39.413398,-121.272387"",""39.403635,-121.272387"",""39.39609,-121.272387"",""39.386621,-121.272387"",""39.378926,-121.272387"",""39.37049,-121.272387"",""39.363238,-12",High fuel load and high number of residential properties,,,,,1,1,,,,,,,,non-profit
9kg8uaz779t6,1,12.04,"POLYGON ((-121.166899 39.436912, -121.166899 39.436912, -121.167664 39.441643, -121.169196 39.445783, -121.170919 39.449035, -121.172833 39.452879, -121.173982 39.456131, -121.174556 39.458792, -121.176088 39.461748, -121.177428 39.463669, -121.178577 39","{""type"":""Feature"",""geometry"":{""type"":""Polygon"",""coordinates"":[[[-121.166899,39.436912],[-121.166899,39.436912],[-121.167664,39.441643],[-121.169196,39.445783],[-121.170919,39.449035],[-121.172833,39.452879],[-121.173982,39.456131],[-121.174556,39.458792]","[[""39.436912,-121.166899"",""39.436912,-121.166899"",""39.441643,-121.167664"",""39.445783,-121.169196"",""39.449035,-121.170919"",""39.452879,-121.172833"",""39.456131,-121.173982"",""39.458792,-121.174556"",""39.461748,-121.176088"",""39.463669,-121.177428"",""39.465886,-",Protect communities from wildfire,1,,,,,,,,,,,,,non-profit
9kg8uaz779t6,2,12.04,"POLYGON ((-121.307997 39.510212, -121.310103 39.509326, -121.310677 39.50903, -121.316995 39.505781, -121.331353 39.49736, -121.339586 39.49086, -121.345904 39.483916, -121.352604 39.475345, -121.355476 39.468547, -121.357391 39.461157, -121.357391 39.45","{""type"":""Feature"",""geometry"":{""type"":""Polygon"",""coordinates"":[[[-121.307997,39.510212],[-121.310103,39.509326],[-121.310677,39.50903],[-121.316995,39.505781],[-121.331353,39.49736],[-121.339586,39.49086],[-121.345904,39.483916],[-121.352604,39.475345],[-","[[""39.510212,-121.307997"",""39.509326,-121.310103"",""39.50903,-121.310677"",""39.505781,-121.316995"",""39.49736,-121.331353"",""39.49086,-121.339586"",""39.483916,-121.345904"",""39.475345,-121.352604"",""39.468547,-121.355476"",""39.461157,-121.357391"",""39.452583,-121",Fuelbreak to protect upslope communities,1,,,,,,,,,,,,,non-profit
9kg8uaz779t6,3,12.04,"POLYGON ((-121.071755 39.471534, -121.073286 39.467396, -121.073669 39.464292, -121.074052 39.45971, -121.074052 39.454832, -121.074052 39.450693, -121.074627 39.443449, -121.074435 39.43857, -121.072712 39.433542, -121.070606 39.428071, -121.066777 39.4","{""type"":""Feature"",""geometry"":{""type"":""Polygon"",""coordinates"":[[[-121.071755,39.471534],[-121.073286,39.467396],[-121.073669,39.464292],[-121.074052,39.45971],[-121.074052,39.454832],[-121.074052,39.450693],[-121.074627,39.443449],[-121.074435,39.43857],[","[[""39.471534,-121.071755"",""39.467396,-121.073286"",""39.464292,-121.073669"",""39.45971,-121.074052"",""39.454832,-121.074052"",""39.450693,-121.074052"",""39.443449,-121.074627"",""39.43857,-121.074435"",""39.433542,-121.072712"",""39.428071,-121.070606"",""39.423486,-12","High fuel load and high number of residential properties, water supply",,1,,,1,1,,,,,,,,non-profit
